category,canceled_orders,total_orders,cancellation_rate
親子體驗,22,49,0.44897959
活動體驗,41,97,0.42268041
美食體驗,21,50,0.42000000
獨家行程,22,54,0.40740741
交通票券,33,81,0.40740741
表演門票,19,50,0.38000000
夜間動物園,20,53,0.37735849
戶外活動,23,61,0.37704918
烹飪學校,24,64,0.37500000
一日遊,32,88,0.36363636
門票,12,33,0.36363636
水上活動,14,39,0.35897436
住宿,17,48,0.35416667
秘境探險,15,43,0.34883721
一日體驗,16,46,0.34782609
放鬆渡假,32,96,0.33333333
文化饗宴,25,76,0.32894737
當地體驗,14,44,0.31818182
保護園區,20,66,0.30303030
遊樂園,12,53,0.22641509
