first_order_month,total_customers,returning_customers,repurchase_rate
2024-08,47,34,0.72340426
2024-09,44,29,0.65909091
2024-10,38,23,0.60526316
2024-11,37,27,0.72972973
2024-12,29,18,0.62068966
2025-01,31,13,0.41935484
2025-02,17,6,0.35294118
2025-03,19,10,0.52631579
2025-04,27,10,0.37037037
2025-05,20,5,0.25000000
2025-06,18,2,0.11111111
2025-07,11,0,0.00000000
2025-08,1,0,0.00000000
